{"0y2bmxnw/aeoKaSyyp+9MQ==":"web_banner.jpeg-950x200.jpg","5xJiQqKOmHPnQVx30BOsYw==":"web-banner-1024x280.jpg","8q4h5Fi7EVDPDP+52+OfXA==":"mbr-1920x1044.jpeg","kupC6d/44p8TUizwkY5e3Q==":"mbr-1-1920x1044.jpeg","RJqqmSAVl48F6MZPmuVusg==":"mbr-1920x1280.jpg","ajDzJaOl/EkiWUj2PiJY4g==":"mbr-121x110.png","QrmyYYhXVO7gZVjoY0zTWQ==":"5dcf5d1723ab806a754b3e7398c9dfe5-1000x372.jpg","Z2Epiift8ldfCwhSejvaNg==":"mbr-1920x1080.jpg","4AwZAsZ5HuioermlINkcBw==":"mbr-1920x1079.jpg","u08Qbw7FOkZRBBEpSO2fJw==":"mbr-1-1920x1280.jpg","H0K/0Rv4JaVO4W85EIDBZw==":"mbr-1-1920x1280.jpeg","5Y3d6sKaE64yxTbQg+g5UA==":"web_banner.jpeg-950x200.jpeg","xExagOuiJvj8ixSlfKLzGw==":"mbr-1920x1280.jpeg","ZrBn5JKZwedUCodhdr/C5g==":"mbr-2-1920x1280.jpeg","WkP7GnwoCSGqF77P5gRIxA==":"mbr-3-1920x1280.jpeg","w4RS0rCMsJMyFwKXYWMWaA==":"mbr-1920x1420.jpg","sQkM6C58ml+elMrfwA0jNQ==":"mbr-1-1920x1420.jpg","FM9bTgWEyX1e37ltV+sYdg==":"mbr-1631x1063.jpg","MkAQggJKW1zOHue/36K21g==":"mbr-1631x1223.jpg","Ua4SyQ47MbkVGqi8Kj5CYw==":"mbr-1-1920x1080.jpg","VSKGONfDaYzDibszdYNwCw==":"whatsapp%20image%202021-04-27%20at%2017.19.38-1076x807.jpg","X16rJ9Y0DVfmiV1BNe/LcA==":"mbr-1920x1012.jpg","c9umZjVAWmZAkLhTgM40yg==":"mbr-1508x1080.jpeg","LD2lWjl4keqM8x5pw+d0AA==":"mbr-1920x1080.png","lQsUm6NBYN6zdic8a3BRBw==":"mbr-1920x1251.jpg","nZBRPWqF83mDG0pQ7Y8rvw==":"mbr-1920x1276.jpg","jxjuk8lOWOHsL8/H+POcmw==":"mbr-696x392.jpg","N/K6Oby4cAbgO1hYtVs3vw==":"mbr-696x464.jpg","esVXf2E0Bq0i3MKKbuDPkg==":"mbr-1-696x464.jpg","w9GLRP0U1UPDmIgXMzhAdg==":"mbr-2-696x464.jpg","5d4q+on9iAymsurrMRQpRw==":"mbr-3-696x464.jpg","sTRJO7/RZx2xKzKRMMW17A==":"mbr-1920x1279.jpg","zA0zD4ie9cdkxQ46t19bTA==":"mbr-2-1920x1280.jpg","tg3qRSRNb4GkmBOITCy77A==":"web-banner-1024x280.jpeg","VGBWGMsTPPo6dcPwTYQxHQ==":"mbr-1120x747.jpg","XCzIoVci3Eamvy+Zx/Kz1A==":"mbr-1-1120x747.jpg","8Oj+uZOhliG3HtEtMo+i2g==":"mbr-1120x672.jpg","nenDYzxS/bRXX0ouAX4ylw==":"mbr-1920x1274.jpg","Oa+bj8aeDIeOpUrVlOhjow==":"mbr-2-1120x747.jpg","YEmxCgntWAiw2gmOktcChg==":"web_banner.jpeg-1-950x200.jpeg","6HuiDxsP6O3Q7SVZiF5VnA==":"web_banner.jpeg-2-950x200.jpeg","1xl6J8baWupCAZbh8mtUAA==":"mbr-646x431.jpg","+4c5bh3qzViMf6w5VapwVQ==":"mbr-1-646x431.jpg","EA2Bs7Bb3F9k2l1fgC/JkQ==":"mbr-646x426.jpg","r5rE7qw4/Uo0/Be3wSRfkw==":"mbr-2-646x431.jpg","YxV/bVNv2b92CERrIjFasw==":"mbr-694x463.jpg","cs6DNm6rZoFrUR+fJKxHyQ==":"mbr-694x416.jpg","YF20BLYSyZyYs8V+yyc5IA==":"mbr-1-694x463.jpg","Sh+1vUb6s9J5vUkzKwCs7w==":"mbr-2-694x463.jpg","eqTAQ0zN0ivlIuitzZaPjQ==":"mbr-646x363.jpg","4R98G9dCw6NamhMJ8L8MUg==":"mbr-1920x1013.jpg"}